{
  "model_name": "XGBoost",
  "algorithm": "xgboost",
  "mae": 3.7508387565612793,
  "rmse": 4.983895305642218,
  "mape": 22.215004359735122,
  "r2": 0.9820378422737122,
  "feature_count": 40,
  "feature_names": [
    "location_id",
    "year",
    "month",
    "day",
    "day_of_week",
    "day_of_year",
    "week_of_year",
    "quarter",
    "is_weekend",
    "saudi_dow",
    "is_holiday",
    "days_to_holiday",
    "temperature_avg",
    "temperature_high",
    "humidity_percent",
    "wind_speed_kmh",
    "precipitation_mm",
    "weather_code",
    "location_type",
    "location_capacity",
    "visitor_count",
    "has_event",
    "event_attendees",
    "active_employees",
    "period_code",
    "menu_item_count",
    "lag_1d",
    "lag_2d",
    "lag_3d",
    "lag_7d",
    "lag_14d",
    "lag_28d",
    "rolling_mean_7d",
    "rolling_std_7d",
    "rolling_mean_14d",
    "rolling_std_14d",
    "rolling_mean_30d",
    "rolling_std_30d",
    "expanding_mean",
    "same_dow_last_week"
  ],
  "all_results": [
    {
      "name": "Random Forest",
      "mae": 3.8893115493804964,
      "rmse": 5.702829718946824,
      "mape": 23.971216021388056,
      "r2": 0.976481915258814,
      "time": 5.614051818847656
    },
    {
      "name": "Gradient Boosting",
      "mae": 3.801792238499252,
      "rmse": 5.044854954889663,
      "mape": 24.197696711822754,
      "r2": 0.9815957335919673,
      "time": 41.37817883491516
    },
    {
      "name": "XGBoost",
      "mae": 3.7508387565612793,
      "rmse": 4.983895305642218,
      "mape": 22.215004359735122,
      "r2": 0.9820378422737122,
      "time": 1.4207370281219482
    }
  ]
}